您,O
好,O
我,O
右,B-PART
下,I-PART
腹,I-PART
疼,B-SIGN
痛,I-SIGN

医,O
生,O
羊,B-SIGN
水,I-SIGN
少,I-SIGN
对,O
孩,O
子,O
有,B-QUESTION
影,I-QUESTION
响,I-QUESTION
吗,I-QUESTION

医,O
生,O
咳,B-SIGN
嗽,I-SIGN
很,O
久,O
了,O
一,O
变,O
天,O
就,O
加,O
重,O
怎,B-QUESTION
么,I-QUESTION
办,I-QUESTION

医,O
生,O
你,O
好,O
阴,B-PART
道,I-PART
口,I-PART
有,B-SIGN
毛,I-SIGN
绒,I-SIGN
正,B-QUESTION
常,I-QUESTION
吗,I-QUESTION

张,O
医,O
生,O
您,O
好,O
我,O
媳,O
妇,O
怀,B-SIGN
孕,I-SIGN
啦,O
我,O
想,O
问,O
问,O
怎,B-QUESTION
么,I-QUESTION
样,I-QUESTION
合,I-QUESTION
理,I-QUESTION
饮,I-QUESTION
食,I-QUESTION
对,O
大,O
人,O
和,O
宝,O
宝,O
都,O
有,O
好,O
处,O
最,O
好,O
不,O
要,O
吃,O
完,O
变,O
胖,O
的,O

大,O
夫,O
您,O
好,O
去,O
年,O
有,O
胃,B-DISEASE
窦,I-DISEASE
炎,I-DISEASE
吃,O
药,O
后,O
好,O
了,O
很,O
多,O
时,O
候,O
晚,O
上,O
一,O
般,O
只,O
吃,O
点,O
菜,O
喝,O
点,O
粥,O
早,O
晨,O
就,O
比,O
较,O
舒,O
服,O
但,O
偶,O
尔,O
晚,O
饭,O
时,O
感,O
觉,O
饿,O
就,O
吃,O
点,O
主,O
食,O
一,O
晚,O
上,O
感,O
觉,O
也,O
挺,O
好,O
的,O
可,O
到,O
早,O
晨,O
时,O
就,O
感,O
觉,O
胃,B-PART
不,B-SIGN
舒,I-SIGN
服,I-SIGN
也,O
有,O
胃,B-SIGN
胀,I-SIGN
之,I-SIGN
感,I-SIGN
请,O
问,O
大,O
夫,O
是,B-QUESTION
什,I-QUESTION
么,I-QUESTION
原,I-QUESTION
因,I-QUESTION
吗,I-QUESTION
还,B-QUESTION
需,I-QUESTION
要,I-QUESTION
继,I-QUESTION
续,I-QUESTION
吃,I-QUESTION
药,I-QUESTION
吗,I-QUESTION

医,O
生,O
我,O
朋,O
友,O
的,O
后,B-PART
脑,I-PART
勺,I-PART
痛,B-SIGN
了,O
6,O
7,O
年,O
的,O
怎,B-QUESTION
么,I-QUESTION
回,I-QUESTION
事,I-QUESTION

医,O
生,O
您,O
好,O
我,O
父,O
亲,O
今,O
年,O
五,O
十,O
岁,O
左,O
边,O
的,O
背,O
肩,B-PART
胛,I-PART
骨,I-PART
的,O
位,O
置,O
疼,B-SIGN
了,O
一,O
个,O
月,O
了,O
他,O
说,O
是,O
放,B-SIGN
射,I-SIGN
性,I-SIGN
的,I-SIGN
疼,I-SIGN
最,O
近,O
又,O
加,O
重,O
了,O
是,O
什,O
么,O
原,O
因,O
呢,O
而,O
且,O
他,O
最,O
近,O
牙,B-PART
也,O
疼,B-SIGN
牙,O
疼,O
牵,O
动,O
的,O
耳,B-PART
朵,I-PART
也,O
疼,B-SIGN
有,O
时,O
侯,O
左,B-PART
胸,I-PART
口,I-PART
也,O
疼,B-SIGN
请,O
问,O
这,B-QUESTION
是,I-QUESTION
什,I-QUESTION
么,I-QUESTION
症,I-QUESTION
状,I-QUESTION
啊,I-QUESTION
会,B-QUESTION
不,I-QUESTION
会,I-QUESTION
是,I-QUESTION
心,I-QUESTION
脏,I-QUESTION
的,I-QUESTION
问,I-QUESTION
题,I-QUESTION

没,O
来,O
月,O
经,O
却,O
有,O
痛,O
经,O
的,O
感,O
觉,O
突,O
然,O
感,O
觉,O
小,B-PART
腹,I-PART
特,O
别,O
疼,B-SIGN
就,O
像,B-SIGN
被,I-SIGN
针,I-SIGN
刺,I-SIGN
一,O
样,O
人,O
都,O
站,O
不,O
起,O
来,O
过,O
了,O
一,O
会,O
儿,O
又,O
突,O
然,O
好,O
点,O
但,O
还,O
是,O
很,O
痛,O
请,O
问,O
这,B-QUESTION
是,I-QUESTION
为,I-QUESTION
什,I-QUESTION
么,I-QUESTION

女,B-PATIENT
3,I-PATIENT
5,I-PATIENT
岁,I-PATIENT
兰,O
医,O
生,O
鬓,B-PART
角,I-PART
长,B-SIGN
白,I-SIGN
发,I-SIGN
是,B-QUESTION
什,I-QUESTION
么,I-QUESTION
原,I-QUESTION
因,I-QUESTION
以,O
前,O
没,O
有,O
白,O
发,O
最,O
近,O
一,O
个,O
月,O
发,O
现,O
两,O
鬓,O
有,O
一,O
些,O
白,O
发,O
身,O
体,O
没,O
有,O
其,O
他,O
不,O
适,O

袁,O
医,O
生,O
您,O
好,O
新,B-DISEASE
生,I-DISEASE
儿,I-DISEASE
黄,I-DISEASE
疸,I-DISEASE
的,O
显,B-QUESTION
著,I-QUESTION
表,I-QUESTION
现,I-QUESTION
是,I-QUESTION
什,I-QUESTION
么,I-QUESTION
啊,I-QUESTION

姜,O
医,O
生,O
五,B-PATIENT
个,I-PATIENT
月,I-PATIENT
的,I-PATIENT
宝,I-PATIENT
宝,I-PATIENT
咳,B-SIGN
嗽,I-SIGN
有,B-SIGN
痰,I-SIGN
可,B-QUESTION
以,I-QUESTION
吃,I-QUESTION
头,I-QUESTION
孢,I-QUESTION
克,I-QUESTION
肟,I-QUESTION
颗,I-QUESTION
粒,I-QUESTION
和,I-QUESTION
小,I-QUESTION
儿,I-QUESTION
麻,I-QUESTION
甘,I-QUESTION
颗,I-QUESTION
粒,I-QUESTION
吗,I-QUESTION

锌,O
铁,O
钙,O
咀,O
嚼,O
片,O
是,O
否,O
有,O
副,O
作,O
用,O
1,B-PATIENT
6,I-PATIENT
岁,I-PATIENT
左,I-PATIENT
右,I-PATIENT
的,I-PATIENT
男,I-PATIENT
孩,I-PATIENT
吃,O
是,O
否,O
可,O
以,O

吃,O
一,O
点,O
凉,O
的,O
胃,B-PART
就,O
不,B-SIGN
舒,I-SIGN
服,I-SIGN
怎,B-QUESTION
么,I-QUESTION
办,I-QUESTION
呢,I-QUESTION
平,O
时,O

大,O
夫,O
我,O
每,O
天,O
早,O
上,O
都,O
会,O
头,O
疼,O
欲,O
裂,O
肚,O
子,O
疼,O
的,O
要,O
死,O
晚,O
上,O
还,O
老,O
是,O
做,O
噩,O
梦,O
严,O
重,O
影,O
响,O
了,O
我,O
的,O
正,O
常,O
工,O
作,O
生,O
活,O
不,O
知,O
道,O
该,O
怎,O
么,O
办,O
了,O
很,O
想,O
知,O
道,O
是,O
哪,O
里,O
出,O
了,O
问,O
题,O
我,O
是,B-QUESTION
该,I-QUESTION
吃,I-QUESTION
药,I-QUESTION
呢,I-QUESTION
还,I-QUESTION
是,I-QUESTION
该,I-QUESTION
去,I-QUESTION
找,I-QUESTION
医,I-QUESTION
生,I-QUESTION
看,I-QUESTION
呢,I-QUESTION

你,O
好,O
大,O
夫,O
老,B-PATIENT
母,I-PATIENT
亲,I-PATIENT
8,I-PATIENT
0,I-PATIENT
多,I-PATIENT
了,O
有,O
腰,B-DISEASE
椎,I-DISEASE
间,I-DISEASE
盘,I-DISEASE
突,I-DISEASE
出,I-DISEASE
症,I-DISEASE
腰,B-PART
疼,B-SIGN
腿,B-PART
疼,B-SIGN
严,O
重,O
时,O
就,O
吃,O
段,O
时,O
间,O
的,O
药,O
尤,O
其,O
怕,O
冷,O
小,B-PART
腿,I-PART
肚,I-PART
晚,O
上,O
经,O
常,O
出,B-SIGN
筋,I-SIGN
然,O
后,O
就,O
热,O
敷,O
最,O
近,O
一,O
段,O
时,O
间,O
感,O
觉,O
较,O
严,O
重,O
经,O
常,O
夜,O
里,O
出,O
筋,O
腿,O
疼,O
的,O
睡,O
不,O
着,O
觉,O
请,O
问,O
有,B-QUESTION
什,I-QUESTION
么,I-QUESTION
更,I-QUESTION
好,I-QUESTION
的,I-QUESTION
办,I-QUESTION
法,I-QUESTION
吗,I-QUESTION

医,O
生,O
您,O
好,O
家,O
里,O
有,O
亲,O
人,O
饮,O
酒,O
很,O
多,O
年,O
了,O
以,O
前,O
喝,O
的,O
虽,O
然,O
频,O
繁,O
但,O
是,O
不,O
总,O
醉,O
前,O
年,O
还,O
患,O
过,O
股,B-DISEASE
骨,I-DISEASE
头,I-DISEASE
坏,I-DISEASE
死,I-DISEASE
最,O
近,O
一,O
周,O
总,O
是,O
喝,O
醉,O
整,O
个,O
人,O
精,O
神,O
状,O
态,O
什,O
么,O
的,O
都,O
特,O
别,O
不,O
好,O
自,O
己,O
控,O
制,O
不,O
住,O
喝,O
酒,O
的,O
欲,O
望,O
而,O
且,O
不,O
喝,O
酒,O
还,O
会,O
冒,B-SIGN
虚,I-SIGN
汗,I-SIGN
等,O
各,O
种,O
不,O
适,O
请,O
问,O
这,O
种,O
情,O
况,O
有,B-QUESTION
办,I-QUESTION
法,I-QUESTION
治,I-QUESTION
疗,I-QUESTION
吗,I-QUESTION
能,B-QUESTION
根,I-QUESTION
治,I-QUESTION
吗,I-QUESTION
患,O
者,O
本,O
人,O
愿,O
意,O
治,O
疗,O
只,O
是,O
自,O
己,O
控,O
制,O
不,O
住,O

朋,O
友,O
有,O
风,B-DISEASE
湿,I-DISEASE
雷,I-DISEASE
诺,I-DISEASE
综,I-DISEASE
合,I-DISEASE
症,I-DISEASE
这,O
病,O
会,B-QUESTION
变,I-QUESTION
形,I-QUESTION
吗,I-QUESTION
谢,O
谢,O

大,O
夫,O
你,O
好,O
拔,B-TREATMENT
牙,I-TREATMENT
的,O
话,O
打,B-TREATMENT
麻,I-TREATMENT
药,I-TREATMENT
是,B-QUESTION
不,I-QUESTION
是,I-QUESTION
对,I-QUESTION
大,I-QUESTION
脑,I-QUESTION
会,I-QUESTION
有,I-QUESTION
影,I-QUESTION
响,I-QUESTION
啊,I-QUESTION
谢,O
谢,O

任,O
医,O
生,O
我,O
换,O
了,O
高,O
保,O
湿,O
化,O
妆,O
品,O
后,O
脸,B-PART
过,B-SIGN
敏,I-SIGN
了,O
尤,O
其,O
脸,O
颊,O
处,O
明,O
显,O
脸,O
发,B-SIGN
红,I-SIGN
有,B-SIGN
血,I-SIGN
丝,I-SIGN
拍,O
照,O
不,O
明,O
显,O
我,O
怎,B-QUESTION
么,I-QUESTION
办,I-QUESTION

男,B-PATIENT
5,I-PATIENT
0,I-PATIENT
岁,I-PATIENT
高,B-SIGN
压,I-SIGN
1,I-SIGN
6,I-SIGN
0,I-SIGN
戒,O
不,O
掉,O
烟,O
一,O
天,O
喝,O
一,O
次,O
药,O
还,O
需,B-QUESTION
要,I-QUESTION
注,I-QUESTION
意,I-QUESTION
什,I-QUESTION
么,I-QUESTION
吗,I-QUESTION

李,O
医,O
生,O
我,O
小,O
时,O
候,O
得,O
过,O
过,B-DISEASE
敏,I-DISEASE
性,I-DISEASE
紫,I-DISEASE
癜,I-DISEASE
没,O
加,O
号,O
最,O
近,O
几,O
年,O
有,O
时,O
候,O
吃,O
辣,O
的,O
腿,B-PART
上,O
有,B-SIGN
红,I-SIGN
点,I-SIGN
点,I-SIGN
过,O
几,O
天,O
自,O
己,O
又,O
消,O
退,O
了,O
现,O
在,O
不,O
敢,O
吃,O
辣,O
的,O
我,O
需,B-QUESTION
要,I-QUESTION
去,I-QUESTION
医,I-QUESTION
院,I-QUESTION
看,I-QUESTION
吗,I-QUESTION
需,B-QUESTION
要,I-QUESTION
喝,I-QUESTION
药,I-QUESTION
吗,I-QUESTION

医,O
生,O
女,B-PATIENT
宝,I-PATIENT
宝,I-PATIENT
2,I-PATIENT
岁,I-PATIENT
贫,B-DISEASE
血,I-DISEASE
刚,O
输,O
过,O
血,O
现,O
在,O
喂,O
养,O
需,B-QUESTION
要,I-QUESTION
注,I-QUESTION
意,I-QUESTION
什,I-QUESTION
么,I-QUESTION

肖,O
医,O
生,O
胃,B-PART
不,B-SIGN
太,I-SIGN
好,I-SIGN
如,B-QUESTION
何,I-QUESTION
保,I-QUESTION
养,I-QUESTION

最,O
近,O
上,B-SIGN
火,I-SIGN
导,O
致,O
了,O
牙,B-PART
疼,B-SIGN
牙,B-PART
龈,I-PART
出,B-SIGN
血,I-SIGN
给,O
自,O
己,O
的,O
生,O
活,O
带,O
来,O
了,O
很,O
大,O
的,O
不,O
变,O
自,O
己,O
应,B-QUESTION
该,I-QUESTION
怎,I-QUESTION
么,I-QUESTION
办,I-QUESTION

我,O
长,B-SIGN
智,I-SIGN
齿,I-SIGN
了,O
好,O
疼,B-SIGN
啊,O
感,O
觉,O
像,O
是,O
横,O
着,O
长,O
的,O
该,O
怎,O
么,O
办,O
需,B-QUESTION
要,I-QUESTION
拔,I-QUESTION
掉,I-QUESTION
吗,I-QUESTION

媳,O
妇,O
说,O
她,O
白,B-SIGN
带,I-SIGN
特,I-SIGN
别,I-SIGN
多,I-SIGN
是,B-QUESTION
不,I-QUESTION
是,I-QUESTION
因,I-QUESTION
为,I-QUESTION
生,I-QUESTION
理,I-QUESTION
期,I-QUESTION
快,I-QUESTION
到,I-QUESTION
了,I-QUESTION

医,O
生,O
女,B-PATIENT
2,I-PATIENT
9,I-PATIENT
我,O
想,O
咨,O
询,O
一,O
下,O
失,B-SIGN
血,I-SIGN
过,I-SIGN
多,I-SIGN
的,O
该,B-QUESTION
吃,I-QUESTION
什,I-QUESTION
么,I-QUESTION
补,I-QUESTION
血,I-QUESTION
呢,I-QUESTION

2,O
5,O
办,O
公,O
地,O
在,O
办,O
公,O
室,O
一,O
天,O
坐,O
8,O
小,O
时,O
以,O
上,O
加,O
班,O
很,O
累,O
没,O
什,O
么,O
时,O
间,O
锻,O
炼,O
身,O
高,O
1,O
7,O
0,O
体,O
重,O
1,O
7,O
0,O
斤,O
肚,O
子,O
胖,O
喝,O
凉,O
水,O
都,O
胖,O
想,O
问,O
下,O
医,O
生,O
如,B-QUESTION
何,I-QUESTION
搭,I-QUESTION
配,I-QUESTION
饮,I-QUESTION
食,I-QUESTION

医,O
生,O
男,B-PATIENT
2,I-PATIENT
8,I-PATIENT
肝,O
胆,O
胰,O
肾,O
b,O
超,O
都,O
能,B-QUESTION
检,I-QUESTION
查,I-QUESTION
哪,I-QUESTION
些,I-QUESTION
疾,I-QUESTION
病,I-QUESTION

非,O
常,O
爱,B-SIGN
生,I-SIGN
气,I-SIGN
对,O
高,B-DISEASE
血,I-DISEASE
压,I-DISEASE
有,B-QUESTION
什,I-QUESTION
么,I-QUESTION
影,I-QUESTION
响,I-QUESTION
么,I-QUESTION

怕,O
胖,O
可,O
是,O
什,B-QUESTION
么,I-QUESTION
都,I-QUESTION
不,I-QUESTION
想,I-QUESTION
吃,I-QUESTION
怎,I-QUESTION
么,I-QUESTION
办,I-QUESTION

女,B-PATIENT
婴,I-PATIENT
8,I-PATIENT
个,I-PATIENT
月,I-PATIENT
发,B-SIGN
热,I-SIGN
2,O
天,O
社,O
区,O
医,O
生,O
开,O
了,O
美,O
林,O
吃,O
了,O
两,O
次,O
退,O
烧,O
后,O
今,O
早,O
突,O
然,O
出,O
现,O
成,O
片,O
凸,O
起,O
的,O
红,B-SIGN
色,I-SIGN
疹,I-SIGN
子,I-SIGN
从,O
胸,B-PART
口,I-PART
到,O
全,B-PART
身,I-PART
都,O
有,O
孩,O
子,O
无,O
过,O
敏,O
史,O
急,O
求,B-QUESTION
专,I-QUESTION
家,I-QUESTION
给,I-QUESTION
出,I-QUESTION
治,I-QUESTION
疗,I-QUESTION
建,I-QUESTION
议,I-QUESTION

兰,O
医,O
生,O
您,O
好,O
6,B-PATIENT
岁,I-PATIENT
女,I-PATIENT
童,I-PATIENT
手,B-PART
指,I-PART
头,I-PART
肚,I-PART
脱,B-SIGN
皮,I-SIGN
发,B-SIGN
红,I-SIGN
左,O
手,O
4,O
个,O
又,O
手,O
小,O
指,O
杜,O
一,O
个,O
左,O
手,O
第,O
三,O
指,O
严,O
重,O
的,O
流,B-SIGN
血,I-SIGN
了,O
已,O
有,O
两,O
天,O
4,O
天,O
前,O
用,O
肥,O
皂,O
刷,O
鞋,O
了,O
不,O
知,O
什,O
么,O
原,O
因,O
造,O
成,O
的,O
需,O
要,O
怎,B-QUESTION
么,I-QUESTION
办,I-QUESTION
谢,O
谢,O
您,O
祝,O
您,O
万,O
事,O
如,O
意,O
刘,O
倩,O
倩,O

医,O
生,O
肩,B-PART
膀,I-PART
处,O
老,O
是,O
犯,B-SIGN
困,I-SIGN
怎,B-QUESTION
么,I-QUESTION
缓,I-QUESTION
解,I-QUESTION

医,O
生,O
咳,B-SIGN
嗽,I-SIGN
2,O
周,O
了,O
没,O
好,O
喝,B-QUESTION
甘,I-QUESTION
草,I-QUESTION
片,I-QUESTION
管,I-QUESTION
用,I-QUESTION
吗,I-QUESTION

医,O
生,O
男,B-PATIENT
2,I-PATIENT
3,I-PATIENT
岁,I-PATIENT
腰,B-PART
部,I-PART
脊,I-PART
椎,I-PART
有,O
一,O
块,O
在,O
做,O
仰,O
卧,O
起,O
坐,O
时,O
疼,B-SIGN
是,O
那,O
种,O
有,O
东,O
西,O
搁,O
到,O
地,O
上,O
的,O
感,O
觉,O
是,B-QUESTION
什,I-QUESTION
么,I-QUESTION
情,I-QUESTION
况,I-QUESTION

测,O
试,O
医,O
生,O
你,O
好,O
最,O
近,O
总,O
是,O
失,B-SIGN
眠,I-SIGN
睡,O
不,O
着,O
吃,B-QUESTION
安,I-QUESTION
眠,I-QUESTION
药,I-QUESTION
好,I-QUESTION
吗,I-QUESTION

前,O
几,O
天,O
打,O
球,O
不,O
小,O
心,O
扭,O
到,O
脚,B-PART
了,O
当,O
时,O
没,O
在,O
意,O
这,O
两,O
天,O
走,O
起,O
路,O
来,O
很,O
痛,B-SIGN
不,O
会,O
有,O
什,O
么,O
事,O
情,O
吧,O
需,B-QUESTION
要,I-QUESTION
不,I-QUESTION
需,I-QUESTION
要,I-QUESTION
去,I-QUESTION
拍,I-QUESTION
个,I-QUESTION
片,I-QUESTION
子,I-QUESTION
看,O
看,O

医,O
生,O
你,O
好,O
我,O
女,O
友,O
来,O
例,B-SIGN
假,I-SIGN
量,I-SIGN
大,I-SIGN
而,O
且,O
有,O
点,O
发,B-SIGN
黑,I-SIGN
持,O
续,O
一,O
年,O
了,O
一,O
年,O
前,O
有,O
过,O
药,B-TREATMENT
物,I-TREATMENT
流,I-TREATMENT
产,I-TREATMENT
这,O
是,O
怎,B-QUESTION
么,I-QUESTION
回,I-QUESTION
事,I-QUESTION
需,B-QUESTION
要,I-QUESTION
做,I-QUESTION
什,I-QUESTION
么,I-QUESTION

你,O
好,O
大,O
夫,O
大,O
三,O
阳,O
携,O
带,O
者,O
有,B-QUESTION
传,I-QUESTION
染,I-QUESTION
期,I-QUESTION
么,I-QUESTION

杨,O
医,O
生,O
我,O
晚,O
上,O
一,O
喝,O
牛,O
奶,O
第,O
二,O
天,O
早,O
上,O
就,O
拉,B-SIGN
肚,I-SIGN
子,I-SIGN
还,O
能,B-QUESTION
喝,I-QUESTION
牛,I-QUESTION
奶,I-QUESTION
妈,I-QUESTION
吗,I-QUESTION

大,O
夫,O
你,O
好,O
我,O
想,O
问,O
下,O
腰,B-PART
疼,B-SIGN
有,O
时,O
候,O
早,O
上,O
起,O
床,O
的,O
时,O
候,O
猛,O
疼,O
一,O
下,O
这,O
是,O
什,O
么,O
情,O
况,O
啊,O
女,B-PATIENT
2,I-PATIENT
5,I-PATIENT
坐,O
的,O
比,O
较,O
久,O

赵,O
医,O
生,O
被,O
猫,O
爪,O
划,O
伤,O
需,B-QUESTION
要,I-QUESTION
打,I-QUESTION
针,I-QUESTION
吗,I-QUESTION

男,O
性,O
阳,B-DISEASE
痿,I-DISEASE
能,B-QUESTION
通,I-QUESTION
过,I-QUESTION
药,I-QUESTION
物,I-QUESTION
治,I-QUESTION
疗,I-QUESTION
吗,I-QUESTION

我,O
曾,O
做,O
过,O
两,O
次,O
腹,O
腔,O
镜,O
手,O
术,O
巧,B-DISEASE
克,I-DISEASE
力,I-DISEASE
囊,I-DISEASE
肿,I-DISEASE
肌,I-DISEASE
腺,I-DISEASE
症,I-DISEASE
我,O
现,O
在,O
还,O
是,O
有,O
痛,O
经,O
来,O
例,O
假,O
时,O
第,O
二,O
天,O
开,O
始,O
血,O
块,O
就,O
很,O
多,O
我,O
想,O
问,O
一,O
下,O
医,O
生,O
建,O
议,O
我,O
带,O
曼,O
月,O
乐,O
环,O
说,O
会,O
月,O
经,O
量,O
少,O
你,O
说,O
可,O
以,O
吗,O
谢,O
谢,O
医,O
生,O

柳,B-SIGN
絮,I-SIGN
过,I-SIGN
敏,I-SIGN
怎,B-QUESTION
么,I-QUESTION
办,I-QUESTION
阿,I-QUESTION

医,O
生,O
您,O
好,O
我,O
脚,B-PART
丫,I-PART
晚,O
上,O
老,O
是,O
痒,B-SIGN
是,B-QUESTION
不,I-QUESTION
是,I-QUESTION
皮,I-QUESTION
肤,I-QUESTION
病,I-QUESTION
啊,I-QUESTION

您,O
好,O
我,O
先,O
问,O
下,O
我,O
女,B-PATIENT
朋,I-PATIENT
友,I-PATIENT
2,I-PATIENT
1,I-PATIENT
岁,I-PATIENT
去,O
年,O
被,O
她,O
的,O
前,O
男,O
友,O
上,O
了,O
还,O
怀,O
了,O
孕,O
后,O
面,O
她,O
自,O
己,O
去,O
做,O
了,O
人,B-TREATMENT
流,I-TREATMENT
后,O
期,O
也,O
没,O
有,O
好,O
好,O
调,O
理,O
我,O
想,O
问,O
问,O
这,O
样,O
对,B-QUESTION
她,I-QUESTION
将,I-QUESTION
来,I-QUESTION
影,I-QUESTION
响,I-QUESTION
大,I-QUESTION
么,I-QUESTION

董,O
医,O
生,O
最,O
近,O
尿,B-SIGN
频,I-SIGN
喝,B-QUESTION
什,I-QUESTION
么,I-QUESTION
比,I-QUESTION
较,I-QUESTION
好,I-QUESTION

胆,B-DISEASE
囊,I-DISEASE
炎,I-DISEASE
能,B-QUESTION
治,I-QUESTION
好,I-QUESTION
吗,I-QUESTION
治,O
不,O
好,O
的,O
话,O
后,O
期,O
会,B-QUESTION
发,I-QUESTION
展,I-QUESTION
成,I-QUESTION
为,I-QUESTION
什,I-QUESTION
么,I-QUESTION
症,I-QUESTION
状,I-QUESTION

医,O
生,O
一,O
个,O
月,O
了,O
白,O
天,O
有,O
时,O
会,O
咳,B-SIGN
嗽,I-SIGN
两,O
声,O
一,O
直,O
没,O
吃,O
药,O
感,O
觉,O
天,O
气,O
变,O
凉,O
就,O
会,O
咳,O
的,O
多,O
天,O
气,O
暖,O
和,O
就,O
不,O
咳,O
需,B-QUESTION
要,I-QUESTION
喝,I-QUESTION
药,I-QUESTION
吗,I-QUESTION

自,O
己,O
触,O
摸,O
颈,B-PART
部,I-PART
突,O
然,O
发,O
现,O
多,O
个,O
淋,B-PART
巴,I-PART
结,I-PART
肿,O
大,O
无,O
痛,O
请,O
问,O
去,O
医,O
院,O
挂,B-QUESTION
什,I-QUESTION
么,I-QUESTION
科,I-QUESTION
室,I-QUESTION
的,I-QUESTION
号,I-QUESTION
普,I-QUESTION
外,I-QUESTION
吗,I-QUESTION
还,O
是,O
耳,O
鼻,O
喉,O
呀,O

医,O
生,O
你,O
好,O
我,O
想,O
咨,O
询,O
的,O
是,O
只,O
要,O
喝,O
不,O
上,O
水,O
就,O
感,O
觉,O
鼻,B-PART
子,I-PART
痒,B-SIGN
空,O
气,O
干,O
燥,O
了,O
也,O
会,O
痒,O
有,O
时,O
还,O
会,O
流,B-SIGN
鼻,I-SIGN
血,I-SIGN
但,O
是,O
多,O
喝,O
点,O
水,O
或,O
者,O
是,O
空,O
气,O
湿,O
润,O
了,O
就,O
好,O
了,O
这,O
是,O
怎,B-QUESTION
么,I-QUESTION
回,I-QUESTION
事,I-QUESTION
那,I-QUESTION

多,B-DISEASE
囊,I-DISEASE
卵,I-DISEASE
巢,I-DISEASE
要,O
怎,B-QUESTION
么,I-QUESTION
治,I-QUESTION
疗,I-QUESTION
啊,I-QUESTION

就,O
经,O
常,O
反,B-SIGN
酸,I-SIGN
恶,B-SIGN
心,I-SIGN
6,B-PATIENT
2,I-PATIENT
岁,I-PATIENT
还,O
拉,B-SIGN
肚,I-SIGN
子,I-SIGN
家,O
族,O
有,O
胃,B-DISEASE
肠,I-DISEASE
炎,I-DISEASE
该,B-QUESTION
怎,I-QUESTION
么,I-QUESTION
调,I-QUESTION
理,I-QUESTION
饮,O
食,O
上,O
该,B-QUESTION
注,I-QUESTION
意,I-QUESTION
什,I-QUESTION
么,I-QUESTION
要,B-QUESTION
不,I-QUESTION
要,I-QUESTION
用,I-QUESTION
药,I-QUESTION

眼,B-PART
圈,I-PART
发,B-SIGN
黑,I-SIGN
感,O
觉,O
很,O
累,B-SIGN
晚,O
上,O
却,O
不,O
能,O
睡,O
的,O
很,O
死,O
怎,B-QUESTION
么,I-QUESTION
回,I-QUESTION
事,I-QUESTION
呀,I-QUESTION

最,O
近,O
咳,B-SIGN
嗽,I-SIGN
老,O
不,O
好,O
不,B-QUESTION
知,I-QUESTION
道,I-QUESTION
是,I-QUESTION
什,I-QUESTION
么,I-QUESTION
原,I-QUESTION
因,I-QUESTION

三,B-DISEASE
叉,I-DISEASE
神,I-DISEASE
经,I-DISEASE
痛,I-DISEASE
怎,B-QUESTION
么,I-QUESTION
办,I-QUESTION
以,O
前,O
偶,O
尔,O
痛,O
现,O
在,O
每,O
天,O
都,O
通,O

你,O
好,O
皮,B-PART
肤,I-PART
上,O
有,O
瘢,B-SIGN
痕,I-SIGN
应,B-QUESTION
该,I-QUESTION
怎,I-QUESTION
么,I-QUESTION
治,I-QUESTION
疗,I-QUESTION

医,O
生,O
这,O
几,O
天,O
鼻,B-PART
子,I-PART
不,B-SIGN
舒,I-SIGN
服,I-SIGN
有,O
一,O
个,O
鼻,O
孔,O
说,O
痛,B-SIGN
有,O
不,O
是,O
很,O
痛,O
就,O
是,O
难,O
受,O
总,O
觉,O
得,O
里,O
有,O
鼻,O
屎,O
想,O
去,O
抠,O
它,O
请,O
问,O
下,O
大,O
夫,O
是,B-QUESTION
怎,I-QUESTION
么,I-QUESTION
回,I-QUESTION
事,I-QUESTION

你,O
好,O
医,O
生,O
腰,B-PART
很,B-SIGN
疼,I-SIGN

医,O
生,O
口,B-DISEASE
腔,I-DISEASE
溃,I-DISEASE
疡,I-DISEASE
了,O
怎,B-QUESTION
么,I-QUESTION
办,I-QUESTION

我,O
侄,B-PATIENT
女,I-PATIENT
今,I-PATIENT
年,I-PATIENT
8,I-PATIENT
岁,I-PATIENT
腿,B-PART
弯,I-PART
处,I-PART
长,O
了,O
好,O
多,O
湿,B-DISEASE
疹,I-DISEASE
特,B-SIGN
别,I-SIGN
痒,I-SIGN
她,O
老,O
是,O
抓,O
都,O
抓,O
破,O
了,O
有,B-QUESTION
没,I-QUESTION
有,I-QUESTION
什,I-QUESTION
么,I-QUESTION
治,I-QUESTION
疗,I-QUESTION
湿,I-QUESTION
疹,I-QUESTION
的,I-QUESTION
办,I-QUESTION
法,I-QUESTION

医,O
生,O
您,O
对,O
子,B-DISEASE
宫,I-DISEASE
癌,I-DISEASE
预,O
防,O
有,B-QUESTION
什,I-QUESTION
么,I-QUESTION
好,I-QUESTION
建,I-QUESTION
议,I-QUESTION
吗,I-QUESTION
饮,O
食,O
生,O
活,O
习,O
惯,O
方,O
面,O

老,O
是,O
觉,O
得,O
嗓,B-PART
子,I-PART
里,O
有,B-SIGN
痰,I-SIGN
还,O
咳,O
不,O
出,O
来,O
很,O
长,O
时,O
间,O
了,O
求,B-QUESTION
大,I-QUESTION
夫,I-QUESTION
支,I-QUESTION
招,I-QUESTION

小,B-PATIENT
男,I-PATIENT
孩,I-PATIENT
1,I-PATIENT
3,I-PATIENT
岁,I-PATIENT
还,O
经,O
常,O
尿,B-SIGN
床,I-SIGN
怎,B-QUESTION
办,I-QUESTION

我,O
长,O
了,O
一,O
些,O
湿,B-DISEASE
疹,I-DISEASE
有,O
什,O
么,O
好,O
用,O
的,O
药,O
有,B-QUESTION
什,I-QUESTION
么,I-QUESTION
注,I-QUESTION
意,I-QUESTION
事,I-QUESTION
项,I-QUESTION

失,B-SIGN
眠,I-SIGN
多,B-SIGN
梦,I-SIGN
嗜,B-SIGN
睡,I-SIGN
四,B-SIGN
肢,I-SIGN
乏,I-SIGN
力,I-SIGN
精,B-SIGN
神,I-SIGN
恍,I-SIGN
惚,I-SIGN
怎,B-QUESTION
么,I-QUESTION
破,I-QUESTION

宝,B-PATIENT
宝,I-PATIENT
2,I-PATIENT
岁,I-PATIENT
半,I-PATIENT
拉,B-SIGN
肚,I-SIGN
子,I-SIGN
连,O
续,O
三,O
天,O
该,B-QUESTION
吃,I-QUESTION
什,I-QUESTION
么,I-QUESTION
药,I-QUESTION
平,B-QUESTION
时,I-QUESTION
饮,I-QUESTION
食,I-QUESTION
吃,I-QUESTION
什,I-QUESTION
么,I-QUESTION

李,O
医,O
生,O
您,O
好,O
我,O
想,O
问,O
下,O
淋,B-DISEASE
巴,I-DISEASE
癌,I-DISEASE
用,O
放,B-TREATMENT
疗,I-TREATMENT
可,B-QUESTION
以,I-QUESTION
彻,I-QUESTION
底,I-QUESTION
治,I-QUESTION
愈,I-QUESTION
吗,I-QUESTION

白,B-DISEASE
癜,I-DISEASE
风,I-DISEASE
有,B-QUESTION
好,I-QUESTION
的,I-QUESTION
治,I-QUESTION
疗,I-QUESTION
方,I-QUESTION
法,I-QUESTION
么,I-QUESTION

女,B-PATIENT
3,I-PATIENT
2,I-PATIENT
岁,I-PATIENT
胸,B-SIGN
闷,I-SIGN
气,B-SIGN
短,I-SIGN
心,O
内,O
科,O
查,O
一,O
遍,O
没,O
检,O
查,O
出,O
问,O
题,O
颈,B-PART
椎,I-PART
曲,B-SIGN
度,I-SIGN
反,I-SIGN
弓,I-SIGN
有,O
时,O
肩,B-PART
膀,I-PART
会,O
疼,B-SIGN
是,B-QUESTION
颈,I-QUESTION
椎,I-QUESTION
交,I-QUESTION
叉,I-QUESTION
神,I-QUESTION
经,I-QUESTION
型,I-QUESTION
颈,I-QUESTION
椎,I-QUESTION
病,I-QUESTION
吗,I-QUESTION

医,O
生,O
如,B-QUESTION
何,I-QUESTION
选,I-QUESTION
择,I-QUESTION
幼,I-QUESTION
儿,I-QUESTION
的,I-QUESTION
奶,I-QUESTION
粉,I-QUESTION

孙,O
医,O
生,O
偶,O
尔,O
一,O
次,O
不,O
知,O
道,O
原,O
因,O
的,O
心,B-SIGN
跳,I-SIGN
加,I-SIGN
速,I-SIGN
是,B-QUESTION
心,I-QUESTION
率,I-QUESTION
不,I-QUESTION
齐,I-QUESTION
吗,I-QUESTION

医,O
生,O
您,O
好,O
我,O
今,O
早,O
起,O
床,O
后,O
突,O
然,O
觉,O
得,O
左,B-PART
侧,I-PART
后,I-PART
背,I-PART
腰,I-PART
部,I-PART
那,O
片,O
很,O
疼,B-SIGN
昨,O
天,O
什,O
么,O
运,O
动,O
也,O
没,O
做,O
这,B-QUESTION
是,I-QUESTION
怎,I-QUESTION
么,I-QUESTION
了,I-QUESTION

最,O
近,O
厌,B-SIGN
食,I-SIGN
看,O
见,O
什,O
么,O
东,O
西,O
都,O
没,B-SIGN
有,I-SIGN
食,I-SIGN
欲,I-SIGN
请,O
问,O
遇,O
到,O
这,O
种,O
情,O
况,O
应,O
该,O
怎,B-QUESTION
么,I-QUESTION
办,I-QUESTION

咳,B-SIGN
嗽,I-SIGN
痰,B-SIGN
多,I-SIGN
咽,B-PART
喉,I-PART
痛,B-SIGN

王,O
医,O
生,O
我,O
有,O
混,B-DISEASE
合,I-DISEASE
痔,I-DISEASE
一,O
直,O
外,B-SIGN
脱,I-SIGN
需,B-QUESTION
要,I-QUESTION
手,I-QUESTION
术,I-QUESTION
吗,I-QUESTION

风,B-DISEASE
湿,I-DISEASE
怎,B-QUESTION
么,I-QUESTION
保,I-QUESTION
护,I-QUESTION

郝,O
医,O
生,O
女,B-PATIENT
宝,I-PATIENT
宝,I-PATIENT
3,I-PATIENT
个,I-PATIENT
月,I-PATIENT
今,O
天,O
拉,B-SIGN
肚,I-SIGN
子,I-SIGN
了,O
要,O
怎,B-QUESTION
么,I-QUESTION
办,I-QUESTION

大,O
夫,O
您,O
好,O
我,O
想,O
向,O
你,O
咨,O
询,O
一,O
下,O
为,B-QUESTION
什,I-QUESTION
么,I-QUESTION
老,O
失,B-SIGN
眠,I-SIGN

医,O
生,O
最,O
近,O
肚,B-PART
子,I-PART
不,B-SIGN
舒,I-SIGN
服,I-SIGN
估,O
计,O
是,O
吃,O
了,O
年,O
糕,O
的,O
原,O
因,O
想,B-SIGN
吐,I-SIGN
的,O
感,O
觉,O
怎,B-QUESTION
么,I-QUESTION
缓,I-QUESTION
解,I-QUESTION
一,I-QUESTION
下,I-QUESTION

医,O
生,O
手,B-PART
指,I-PART
没,B-SIGN
月,I-SIGN
牙,I-SIGN
是,B-QUESTION
缺,I-QUESTION
什,I-QUESTION
么,I-QUESTION

你,O
好,O
我,O
朋,O
友,O
头,O
疼,O
怎,B-QUESTION
么,I-QUESTION
回,I-QUESTION
事,I-QUESTION

医,O
生,O
女,B-PATIENT
2,I-PATIENT
9,I-PATIENT
岁,I-PATIENT
一,O
直,O
月,B-SIGN
经,I-SIGN
不,I-SIGN
调,I-SIGN
去,O
年,O
又,O
做,O
了,O
宫,B-TREATMENT
外,I-TREATMENT
孕,I-TREATMENT
手,I-TREATMENT
术,I-TREATMENT
现,O
在,O
想,O
要,O
孩,O
子,O
能,B-QUESTION
怀,I-QUESTION
上,I-QUESTION
吗,I-QUESTION

医,O
生,O
男,B-PATIENT
4,I-PATIENT
8,I-PATIENT
低,B-SIGN
压,I-SIGN
1,I-SIGN
0,I-SIGN
0,I-SIGN
高,B-SIGN
压,I-SIGN
1,I-SIGN
3,I-SIGN
0,I-SIGN
算,B-QUESTION
高,I-QUESTION
血,I-QUESTION
压,I-QUESTION
吗,I-QUESTION

女,B-PATIENT
2,I-PATIENT
5,I-PATIENT
岁,I-PATIENT
一,O
到,O
夏,O
天,O
左,B-PART
脚,I-PART
肘,I-PART
处,O
就,O
会,O
肿,B-SIGN
痒,B-SIGN
连,O
续,O
2,O
年,O
了,O
不,B-QUESTION
知,I-QUESTION
道,I-QUESTION
是,I-QUESTION
怎,I-QUESTION
么,I-QUESTION
了,I-QUESTION
以,O
前,O
以,O
为,O
是,O
虫,O
子,O
咬,O
的,O
第,O
二,O
年,O
依,O
旧,O
感,O
觉,O
不,O
是,O
虫,O
子,O

医,O
生,O
我,O
结,O
婚,O
后,O
一,O
直,O
勃,B-SIGN
起,I-SIGN
不,I-SIGN
坚,I-SIGN
化,O
验,O
结,O
果,O
是,O
血,O
管,O
因,O
素,O
和,O
心,O
理,O
因,O
素,O
造,O
成,O
的,O
可,O
一,O
直,O
没,O
有,O
一,O
点,O
改,O
善,O
我,O
咋,B-QUESTION
办,I-QUESTION

医,O
生,O
您,O
好,O
我,O
的,O
小,O
侄,O
喜,O
欢,O
抖,B-SIGN
腿,I-SIGN
怎,B-QUESTION
么,I-QUESTION
办,I-QUESTION

梁,O
大,O
夫,O
您,O
好,O
我,O
想,O
问,O
下,O
尾,B-PART
椎,I-PART
骨,I-PART
往,O
上,O
面,O
一,O
部,O
分,O
痛,B-SIGN
是,O
为,B-QUESTION
啥,I-QUESTION
是,O
受,B-QUESTION
凉,I-QUESTION
所,I-QUESTION
致,I-QUESTION
吗,I-QUESTION

邓,O
医,O
生,O
最,O
近,O
脸,B-PART
上,O
长,B-SIGN
痘,I-SIGN
痘,I-SIGN
了,O
下,O
巴,O
最,O
多,O
是,B-QUESTION
内,I-QUESTION
分,I-QUESTION
泌,I-QUESTION
失,I-QUESTION
调,I-QUESTION
吗,I-QUESTION
怎,B-QUESTION
么,I-QUESTION
调,I-QUESTION
和,I-QUESTION

我,O
想,O
问,O
下,O
我,O
现,O
在,O
2,B-PATIENT
1,I-PATIENT
岁,I-PATIENT
最,O
近,O
感,O
觉,O
背,O
部,O
中,O
间,O
的,O
脊,B-PART
柱,I-PART
骨,I-PART
弯,O
一,O
下,O
腰,O
就,O
感,O
觉,O
很,O
不,B-SIGN
舒,I-SIGN
服,I-SIGN
有,O
点,O
疼,B-SIGN
是,O
为,B-QUESTION
什,I-QUESTION
么,I-QUESTION

医,O
生,O
脚,B-PART
崴,B-SIGN
了,O
多,B-QUESTION
久,I-QUESTION
能,I-QUESTION
好,I-QUESTION

小,B-PATIENT
孩,I-PATIENT
七,I-PATIENT
岁,I-PATIENT
了,O
有,O
一,O
点,O
近,B-DISEASE
视,I-DISEASE
应,O
该,O
怎,B-QUESTION
么,I-QUESTION
预,I-QUESTION
防,I-QUESTION
或,I-QUESTION
矫,I-QUESTION
正,I-QUESTION
用,B-QUESTION
看,I-QUESTION
医,I-QUESTION
生,I-QUESTION
吗,I-QUESTION

男,B-PATIENT
2,I-PATIENT
7,I-PATIENT
外,O
伤,O
颅,O
脑,O
外,O
伤,O
后,O
失,B-SIGN
去,I-SIGN
记,I-SIGN
忆,I-SIGN
怎,O
么,O
办,O

单,O
大,O
夫,O
您,O
好,O
我,O
全,O
身,O
起,O
荨,B-DISEASE
麻,I-DISEASE
疹,I-DISEASE
已,O
有,O
4,O
个,O
月,O
左,O
右,O
2,O
个,O
月,O
前,O
我,O
吃,O
的,O
是,O
西,O
药,O
最,O
近,O
吃,O
中,O
药,O
已,O
近,O
2,O
月,O
没,O
有,O
什,O
么,O
好,O
转,O
请,O
您,O
给,B-QUESTION
我,I-QUESTION
建,I-QUESTION
议,I-QUESTION
一,I-QUESTION
下,I-QUESTION
谢,O
谢,O

高,O
一,O
的,O
男,O
孩,O
身,O
材,O
偏,B-SIGN
瘦,I-SIGN
不,O
爱,O
吃,O
饭,O
怎,O
么,O
办,O
身,O
高,O
1,O
7,O
8,O
c,O
m,O
体,O
重,O
5,O
3,O
K,O
G,O

膝,B-DISEASE
盖,I-DISEASE
滑,I-DISEASE
膜,I-DISEASE
炎,I-DISEASE
要,B-QUESTION
怎,I-QUESTION
么,I-QUESTION
治,I-QUESTION
疗,I-QUESTION
沈,B-QUESTION
阳,I-QUESTION
哪,I-QUESTION
家,I-QUESTION
医,I-QUESTION
院,I-QUESTION
比,I-QUESTION
较,I-QUESTION
好,I-QUESTION

喝,O
酒,O
后,O
左,B-PART
腋,I-PART
下,I-PART
有,O
点,O
庝,B-SIGN
左,B-PART
手,I-PART
也,O
疼,B-SIGN
想,O
问,O
一,O
下,O
做,B-QUESTION
什,I-QUESTION
么,I-QUESTION
检,I-QUESTION
查,I-QUESTION
好,I-QUESTION
谢,O
谢,O
了,O

您,O
好,O
我,O
想,O
问,O
脖,B-PART
子,I-PART
左,O
侧,O
反,O
复,O
扣,O
破,O
结,B-SIGN
痂,I-SIGN
容,O
易,O
养,O
而,O
且,O
会,B-SIGN
扩,I-SIGN
散,I-SIGN
这,B-QUESTION
是,I-QUESTION
什,I-QUESTION
么,I-QUESTION
症,I-QUESTION
状,I-QUESTION

大,O
夫,O
您,O
好,O
我,O
以,O
前,O
经,O
历,O
过,O
烫,O
伤,O
烫,O
伤,O
部,O
位,O
在,O
手,B-PART
腕,I-PART
处,O
当,O
时,O
留,O
下,O
了,O
比,O
较,O
明,O
显,O
的,O
疤,B-SIGN
痕,I-SIGN
我,O
想,O
问,O
一,O
下,O
大,O
夫,O
这,O
个,O
疤,O
痕,O
有,B-QUESTION
没,I-QUESTION
有,I-QUESTION
办,I-QUESTION
法,I-QUESTION
去,I-QUESTION
掉,I-QUESTION
在,O
手,O
臂,O
上,O
很,O
不,O
美,O
观,O

医,O
生,O
您,O
好,O
我,O
现,O
在,O
还,O
有,O
两,O
天,O
到,O
生,O
理,O
期,O
最,O
近,O
月,O
经,O
还,O
算,O
比,O
较,O
规,O
律,O
我,O
想,O
咨,O
询,O
一,O
下,O
关,O
于,O
妇,B-DISEASE
科,I-DISEASE
炎,I-DISEASE
症,I-DISEASE
的,O
问,O
题,O
您,O
看,O
一,O
下,O
我,O
该,B-QUESTION
怎,I-QUESTION
么,I-QUESTION
办,I-QUESTION
呀,I-QUESTION

头,B-PART
发,I-PART
最,O
近,O
白,O
了,O
很,O
多,O
怎,B-QUESTION
么,I-QUESTION
办,I-QUESTION

骨,O
科,O
重,O
物,O
砸,O
脚,O
好,O
几,O
天,O
了,O
还,O
是,O
一,O
直,O
肿,O
着,O
怎,B-QUESTION
么,I-QUESTION
办,I-QUESTION

医,O
生,O
被,B-SIGN
蜜,I-SIGN
蜂,I-SIGN
蜇,I-SIGN
了,O
需,B-QUESTION
要,I-QUESTION
去,I-QUESTION
医,I-QUESTION
院,I-QUESTION
吗,I-QUESTION

医,O
生,O
你,O
好,O
眼,B-PART
睛,I-PART
红,B-SIGN
肿,I-SIGN

医,O
生,O
您,O
好,O
我,O
想,O
问,O
问,O
腰,B-PART
间,I-PART
盘,I-PART
的,O
防,O
范,O
平,O
时,O
要,B-QUESTION
注,I-QUESTION
意,I-QUESTION
什,I-QUESTION
么,I-QUESTION

老,O
师,O
好,O
我,O
爸,O
有,O
点,O
轻,O
微,O
贫,B-DISEASE
血,I-DISEASE
一,O
直,O
有,O
浅,B-DISEASE
表,I-DISEASE
性,I-DISEASE
胃,I-DISEASE
炎,I-DISEASE
的,O
症,O
状,O
我,O
想,O
给,O
买,O
点,O
营,O
养,O
品,O
不,O
知,O
道,O
应,O
该,O
买,O
什,O
么,O
类,O
型,O
的,O
老,O
师,O
您,O
有,B-QUESTION
什,I-QUESTION
么,I-QUESTION
建,I-QUESTION
议,I-QUESTION
或,I-QUESTION
推,I-QUESTION
荐,I-QUESTION
的,I-QUESTION
吗,I-QUESTION
谢,O
谢,O

李,O
医,O
生,O
你,O
好,O
我,O
太,O
太,O
怀,B-PATIENT
孕,I-PATIENT
5,I-PATIENT
个,I-PATIENT
月,I-PATIENT
体,B-SIGN
重,I-SIGN
剧,I-SIGN
增,I-SIGN
今,O
天,O
上,O
楼,O
时,O
头,B-SIGN
晕,I-SIGN
怎,B-QUESTION
么,I-QUESTION
回,I-QUESTION
事,I-QUESTION

尊,O
敬,O
的,O
廖,O
医,O
生,O
你,O
好,O
请,O
问,O
银,B-DISEASE
屑,I-DISEASE
病,I-DISEASE
可,B-QUESTION
以,I-QUESTION
用,I-QUESTION
益,I-QUESTION
赛,I-QUESTION
普,I-QUESTION
吗,I-QUESTION

医,O
生,O
您,O
对,O
痛,B-SIGN
经,I-SIGN
有,B-QUESTION
什,I-QUESTION
么,I-QUESTION
好,I-QUESTION
建,I-QUESTION
议,I-QUESTION
吗,I-QUESTION

咽,B-DISEASE
喉,I-DISEASE
炎,I-DISEASE
能,B-QUESTION
喝,I-QUESTION
绿,I-QUESTION
茶,I-QUESTION
吗,I-QUESTION

大,O
夫,O
你,O
好,O
我,O
总,O
是,O
气,B-SIGN
短,I-SIGN
有,O
时,O
候,O
呼,O
吸,O
觉,O
得,O
气,O
不,O
够,O
用,O
去,O
医,O
院,O
查,O
做,O
肺,O
功,O
能,O
吹,O
那,O
个,O
不,O
合,O
格,O
医,O
生,O
说,O
我,O
是,O
哮,B-DISEASE
喘,I-DISEASE
治,O
疗,O
有,O
一,O
年,O
了,O
没,O
见,O
好,O
转,O
请,O
问,O
有,B-QUESTION
什,I-QUESTION
么,I-QUESTION
食,I-QUESTION
补,I-QUESTION
能,O
介,O
绍,O
下,O
我,O
体,O
质,O
属,O
于,O
脾,B-SIGN
虚,I-SIGN
阴,I-SIGN
虚,I-SIGN
中,O
医,O
让,O
我,O
喝,O
甲,O
鱼,O
汤,O
平,O
补,O
来,O
太,O
贵,O
补,O
了,O
几,O
次,O
补,O
不,O
起,O
请,O
问,O
有,B-QUESTION
啥,I-QUESTION
高,I-QUESTION
招,I-QUESTION
吗,I-QUESTION

大,O
夫,O
孩,O
子,O
发,B-SIGN
烧,I-SIGN
还,O
吐,B-SIGN
精,O
神,O
也,O
不,O
好,O
打,O
了,O
针,O
效,O
果,O
不,O
是,O
很,O
明,O
显,O
之,O
前,O
可,O
能,O
受,O
到,O
过,O
惊,O
吓,O
应,B-QUESTION
该,I-QUESTION
怎,I-QUESTION
么,I-QUESTION
办,I-QUESTION
呢,I-QUESTION

医,O
生,O
角,B-DISEASE
膜,I-DISEASE
炎,I-DISEASE
怎,B-QUESTION
么,I-QUESTION
办,I-QUESTION

医,O
生,O
治,O
疗,O
腰,B-DISEASE
椎,I-DISEASE
间,I-DISEASE
盘,I-DISEASE
突,I-DISEASE
出,I-DISEASE
吊,B-QUESTION
单,I-QUESTION
杠,I-QUESTION
和,I-QUESTION
撑,I-QUESTION
双,I-QUESTION
杠,I-QUESTION
有,I-QUESTION
没,I-QUESTION
有,I-QUESTION
用,I-QUESTION

红,B-DISEASE
斑,I-DISEASE
狼,I-DISEASE
疮,I-DISEASE
什,B-QUESTION
么,I-QUESTION
症,I-QUESTION
状,I-QUESTION
啊,I-QUESTION

男,B-PATIENT
3,I-PATIENT
2,I-PATIENT
周,I-PATIENT
岁,I-PATIENT
患,O
有,O
白,B-DISEASE
癜,I-DISEASE
风,I-DISEASE
白,B-DISEASE
斑,I-DISEASE
主,O
要,O
集,O
中,O
在,O
手,O
上,O
最,O
近,O
一,O
年,O
发,O
展,O
比,O
较,O
明,O
显,O
请,O
问,O
现,O
在,O
有,B-QUESTION
什,I-QUESTION
么,I-QUESTION
比,I-QUESTION
较,I-QUESTION
好,I-QUESTION
的,I-QUESTION
药,I-QUESTION
物,I-QUESTION
或,O
者,O
治,O
疗,O
方,O
法,O
能,O
比,O
较,O
好,O
的,O
控,O
制,O
住,O

陈,O
医,O
生,O
我,O
今,B-PATIENT
年,I-PATIENT
4,I-PATIENT
8,I-PATIENT
有,B-SIGN
月,I-SIGN
经,I-SIGN
每,O
次,O
挤,O
乳,B-PART
房,I-PART
有,B-SIGN
奶,I-SIGN
是,B-QUESTION
怎,I-QUESTION
么,I-QUESTION
回,I-QUESTION
事,I-QUESTION

医,O
生,O
您,O
好,O
我,O
最,O
近,O
一,O
直,O
失,B-SIGN
眠,I-SIGN
精,B-SIGN
神,I-SIGN
恍,I-SIGN
惚,I-SIGN
心,B-SIGN
情,I-SIGN
不,I-SIGN
佳,I-SIGN
该,O
怎,B-QUESTION
么,I-QUESTION
调,I-QUESTION
整,I-QUESTION
下,O

医,O
生,O
咽,B-PART
喉,I-PART
肿,B-SIGN
痛,I-SIGN
眼,O
角,O
有,O
小,O
颗,O
粒,O
嘴,O
巴,O
上,O
起,O
了,O
火,O
泡,O
吃,B-QUESTION
什,I-QUESTION
么,I-QUESTION
药,I-QUESTION
啊,I-QUESTION

大,O
夫,O
你,O
好,O
老,O
太,O
太,O
有,O
老,O
年,O
人,O
常,O
见,O
病,O
高,B-DISEASE
血,I-DISEASE
压,I-DISEASE
心,B-DISEASE
脏,I-DISEASE
病,I-DISEASE
动,B-DISEASE
脉,I-DISEASE
硬,I-DISEASE
化,I-DISEASE
等,O
胃,O
也,O
不,O
太,O
好,O
胃,B-DISEASE
窦,I-DISEASE
炎,I-DISEASE
前,O
段,O
时,O
间,O
冲,O
了,O
七,O
天,O
血,O
管,O
感,O
觉,O
挺,O
好,O
的,O
常,O
吃,O
的,O
药,O
一,O
直,O
吃,O
着,O
回,O
到,O
老,O
家,O
才,O
一,O
周,O
多,O
昨,O
晚,O
听,O
说,O
最,O
近,O
胃,O
不,O
好,O
胃,O
肠,O
不,O
通,O
大,O
便,O
不,O
通,O
不,O
往,O
下,O
去,O
吃,O
了,O
饭,O
都,O
吐,B-SIGN
了,O
请,O
问,O
这,O
是,O
怎,O
么,O
回,O
事,O
呢,O

医,O
生,O
您,O
好,O
男,B-PATIENT
4,I-PATIENT
5,I-PATIENT
岁,I-PATIENT
心,B-DISEASE
脏,I-DISEASE
病,I-DISEASE
好,O
几,O
年,O
了,O
每,O
隔,O
几,O
个,O
月,O
犯,O
一,O
次,O
犯,O
的,O
期,O
间,O
也,O
就,O
持,O
续,O
半,O
个,O
小,O
时,O
就,O
好,O
了,O
有,B-QUESTION
什,I-QUESTION
么,I-QUESTION
好,I-QUESTION
的,I-QUESTION
解,I-QUESTION
决,I-QUESTION
方,I-QUESTION
案,I-QUESTION
么,I-QUESTION
体,O
重,O
1,O
6,O
0,O

张,O
医,O
生,O
最,O
近,O
变,O
天,O
我,O
有,O
点,O
咳,B-SIGN
嗽,I-SIGN
喝,B-QUESTION
什,I-QUESTION
么,I-QUESTION
药,I-QUESTION
管,I-QUESTION
用,I-QUESTION

大,O
夫,O
您,O
好,O
我,O
想,O
咨,O
询,O
一,O
下,O
为,B-QUESTION
什,I-QUESTION
么,I-QUESTION
经,I-QUESTION
常,I-QUESTION
头,I-QUESTION
疼,I-QUESTION

医,O
生,O
您,O
好,O
我,O
今,O
年,O
2,O
8,O
背,B-PART
部,I-PART
和,O
肩,B-PART
膀,I-PART
总,O
是,O
感,O
觉,O
像,O
有,O
东,O
西,O
压,O
着,O
以,O
为,O
是,O
脊,O
柱,O
炎,O
上,O
医,O
院,O
拍,O
了,O
片,O
子,O
也,O
抽,O
了,O
血,O
医,O
生,O
说,O
没,O
啥,O
问,O
题,O
但,O
是,O
不,O
管,O
运,O
动,O
完,O
还,O
是,O
长,O
时,O
间,O
卧,O
床,O
休,O
息,O
总,O
是,O
有,O
那,O
种,O
感,O
觉,O
后,O
来,O
网,O
上,O
查,O
了,O
查,O
挺,O
像,O
肩,B-DISEASE
背,I-DISEASE
筋,I-DISEASE
膜,I-DISEASE
炎,I-DISEASE

医,O
生,O
最,O
近,O
总,O
是,O
痛,B-SIGN
疼,I-SIGN
而,O
且,O
有,O
时,O
候,O
会,O
感,O
觉,O
恶,B-SIGN
心,I-SIGN

办,O
公,O
室,O
工,O
作,O
老,O
感,O
觉,O
颈,B-PART
椎,I-PART
脊,I-PART
柱,I-PART
有,O
问,O
题,O
平,O
时,O
该,O
做,B-QUESTION
一,I-QUESTION
些,I-QUESTION
什,I-QUESTION
么,I-QUESTION
锻,I-QUESTION
炼,I-QUESTION
呢,I-QUESTION

医,O
生,O
你,O
好,O
最,O
近,O
不,B-SIGN
是,I-SIGN
很,I-SIGN
舒,I-SIGN
服,I-SIGN
怎,B-QUESTION
么,I-QUESTION
处,I-QUESTION
理,I-QUESTION

郝,O
医,O
生,O
您,O
好,O
我,O
家,O
孩,O
子,O
男,B-PATIENT
4,I-PATIENT
岁,I-PATIENT
半,I-PATIENT
下,O
午,O
拉,B-SIGN
稀,I-SIGN
3,O
次,O
现,O
在,O
好,O
了,O
这,O
几,O
天,O
没,O
吃,O
什,O
么,O
特,O
别,O
的,O
东,O
西,O
都,O
是,O
家,O
里,O
的,O
食,O
物,O
请,O
问,O
这,B-QUESTION
是,I-QUESTION
有,I-QUESTION
什,I-QUESTION
么,I-QUESTION
疾,I-QUESTION
病,I-QUESTION
吗,I-QUESTION

小,B-PATIENT
孩,I-PATIENT
子,I-PATIENT
两,I-PATIENT
岁,I-PATIENT
了,O
感,O
觉,O
身,O
高,O
比,O
一,O
般,O
人,O
偏,O
矮,B-SIGN
应,O
该,O
怎,B-QUESTION
么,I-QUESTION
样,I-QUESTION
注,I-QUESTION
意,I-QUESTION
饮,I-QUESTION
食,I-QUESTION
吗,I-QUESTION

总,O
是,O
腰,B-PART
痛,B-SIGN
今,O
日,O
突,O
然,O
改,O
变,O
姿,O
势,O
疼,O
痛,O
加,O
重,O
不,O
敢,O
翻,O
身,O
活,O
动,O

宝,O
宝,O
两,O
个,O
月,O
今,O
天,O
发,O
现,O
右,B-PART
耳,I-PART
流,O
出,O
黄,B-SIGN
色,I-SIGN
浓,I-SIGN
的,I-SIGN
液,I-SIGN
体,I-SIGN
有,O
异,B-SIGN
味,I-SIGN
怎,B-QUESTION
么,I-QUESTION
回,I-QUESTION
事,I-QUESTION
要,O
紧,O
了,O

医,O
生,O
颈,B-DISEASE
椎,I-DISEASE
病,I-DISEASE
怎,B-QUESTION
么,I-QUESTION
缓,I-QUESTION
解,I-QUESTION

月,B-SIGN
经,I-SIGN
第,O
五,O
天,O
出,O
来,O
是,O
黑,B-SIGN
色,I-SIGN
液,I-SIGN
体,I-SIGN
我,O
是,B-QUESTION
肿,I-QUESTION
么,I-QUESTION
了,I-QUESTION

头,B-SIGN
疼,I-SIGN
发,B-SIGN
热,I-SIGN
感,O
觉,O
老,O
是,O
脑,B-SIGN
袋,I-SIGN
胀,I-SIGN
的,O
厉,O
害,O

您,O
好,O
请,O
问,O
肝,B-DISEASE
炎,I-DISEASE
的,O
早,B-QUESTION
期,I-QUESTION
症,I-QUESTION
状,I-QUESTION
表,I-QUESTION
现,I-QUESTION
在,I-QUESTION
哪,I-QUESTION
儿,I-QUESTION

大,O
夫,O
您,O
好,O
我,O
想,O
向,O
你,O
咨,O
询,O
一,O
下,O
晚,O
上,O
失,B-SIGN
眠,I-SIGN
怎,B-QUESTION
么,I-QUESTION
办,I-QUESTION

我,O
晚,O
上,O
磨,O
牙,O
有,O
2,O
3,O
年,O
了,O
早,O
上,O
起,O
来,O
感,O
觉,O
牙,O
齿,O
有,O
磨,O
牙,O
过,O
后,O
的,O
感,O
觉,O
早,O
上,O
每,O
天,O
起,O
来,O
比,O
较,O
早,O
但,O
是,O
总,O
是,O
感,O
觉,O
睡,O
不,O
好,O
精,O
神,O
不,O
好,O
之,O
前,O
也,O
听,O
人,O
说,O
过,O
磨,O
牙,O
可,O
能,O
是,O
肚,O
子,O
里,O
有,O
虫,O
我,O
吃,O
过,O
打,O
虫,O
药,O
还,O
是,O
没,O
用,O
不,O
知,O
道,O
磨,O
牙,O
怎,B-QUESTION
么,I-QUESTION
能,I-QUESTION
治,I-QUESTION
好,I-QUESTION

做,O
了,O
气,B-TREATMENT
胸,I-TREATMENT
手,I-TREATMENT
术,I-TREATMENT
老,O
是,O
有,O
口,O
痰,B-SIGN
在,O
喉,B-PART
咙,I-PART
里,O
吐,O
不,O
出,O
来,O
怎,B-QUESTION
么,I-QUESTION
办,I-QUESTION

去,O
年,O
我,O
爸,O
爸,O
肋,B-PART
骨,I-PART
断,B-SIGN
了,O
到,O
现,O
在,O
1,O
年,O
半,O
了,O
可,O
是,O
老,O
是,O
是,O
不,O
是,O
的,O
酸,B-SIGN
痛,I-SIGN
尤,O
其,O
是,O
阴,O
雨,O
天,O
我,O
想,O
问,O
一,O
下,O
该,O
怎,B-QUESTION
么,I-QUESTION
办,I-QUESTION

宫,B-PART
颈,I-PART
口,I-PART
有,O
个,O
小,O
息,O
肉,O
手,O
术,O
后,O
5,O
天,O
后,O
有,O
一,O
点,O
出,B-SIGN
血,I-SIGN
需,B-QUESTION
要,I-QUESTION
什,I-QUESTION
么,I-QUESTION
处,I-QUESTION
理,I-QUESTION
呢,I-QUESTION

医,O
生,O
男,B-PATIENT
1,I-PATIENT
6,I-PATIENT
岁,I-PATIENT
下,O
楼,O
梯,O
把,O
脚,O
崴,O
了,O
踝,B-PART
骨,I-PART
处,O
韧,B-DISEASE
带,I-DISEASE
拉,I-DISEASE
伤,I-DISEASE
2,O
4,O
天,O
了,O
一,O
直,O
拄,O
拐,O
前,O
2,O
天,O
不,O
拄,O
拐,O
自,O
己,O
走,O
又,O
肿,O
了,O
昨,O
天,O
涂,O
药,O
又,O
消,O
肿,O
了,O
可,O
是,O
不,O
敢,O
走,O
路,O
可,O
以,O
走,O
路,O
吗,O
要,O
怎,B-QUESTION
么,I-QUESTION
办,I-QUESTION

李,O
医,O
生,O
您,O
好,O
我,O
是,O
一,O
名,O
I,O
T,O
工,O
作,O
人,O
员,O
平,O
常,O
工,O
作,O
一,O
直,O
对,O
着,O
电,O
脑,O
时,O
常,O
感,O
觉,O
眼,B-PART
睛,I-PART
干,B-SIGN
涩,I-SIGN
有,B-QUESTION
没,I-QUESTION
有,I-QUESTION
什,I-QUESTION
么,I-QUESTION
食,I-QUESTION
物,I-QUESTION
能,I-QUESTION
保,I-QUESTION
护,I-QUESTION
下,I-QUESTION
眼,I-QUESTION
睛,I-QUESTION

医,O
生,O
您,O
好,O
我,O
最,O
近,O
脖,B-PART
子,I-PART
不,B-SIGN
舒,I-SIGN
服,I-SIGN
很,B-SIGN
痛,I-SIGN
怎,B-QUESTION
么,I-QUESTION
办,I-QUESTION

医,O
生,O
产,B-QUESTION
后,I-QUESTION
如,I-QUESTION
何,I-QUESTION
保,I-QUESTION
养,I-QUESTION

小,O
孩,O
皮,B-PART
肤,I-PART
特,O
别,O
黄,B-SIGN
怎,B-QUESTION
么,I-QUESTION
回,I-QUESTION
事,I-QUESTION

我,O
姥,O
姥,O
有,O
糖,B-DISEASE
尿,I-DISEASE
病,I-DISEASE
想,O
问,O
一,O
下,O
在,O
在,O
饮,O
食,O
上,O
有,B-QUESTION
什,I-QUESTION
么,I-QUESTION
需,I-QUESTION
要,I-QUESTION
注,I-QUESTION
意,I-QUESTION
的,I-QUESTION
呢,I-QUESTION

医,O
生,O
我,O
后,B-PART
背,I-PART
长,O
了,O
一,O
片,O
片,O
的,O
小,B-SIGN
疙,I-SIGN
瘩,I-SIGN
很,O
痒,B-SIGN
好,O
长,O
时,O
间,O
了,O
都,O
留,O
下,O
些,O
深,O
色,O
的,O
印,O
记,O
这,B-QUESTION
是,I-QUESTION
什,I-QUESTION
么,I-QUESTION
怎,B-QUESTION
么,I-QUESTION
能,I-QUESTION
好,I-QUESTION

徐,O
医,O
生,O
您,O
好,O
我,O
弟,B-PATIENT
弟,I-PATIENT
1,I-PATIENT
3,I-PATIENT
岁,I-PATIENT
了,O
还,O
是,O
总,O
流,B-SIGN
鼻,I-SIGN
涕,I-SIGN
是,B-QUESTION
不,I-QUESTION
是,I-QUESTION
有,I-QUESTION
鼻,I-QUESTION
炎,I-QUESTION
啊,I-QUESTION

孙,O
医,O
生,O
您,O
好,O
什,B-QUESTION
么,I-QUESTION
是,I-QUESTION
心,I-QUESTION
内,I-QUESTION
科,I-QUESTION
基,I-QUESTION
础,I-QUESTION
疾,I-QUESTION
病,I-QUESTION
啊,I-QUESTION
心,B-DISEASE
脏,I-DISEASE
病,I-DISEASE
方,O
面,O
的,O
问,O
题,O
可,O
以,O
咨,O
询,O
您,O
吗,O
我,O
想,O
问,O
问,O
心,O
脏,O
病,O
是,O
家,O
族,O
遗,O
传,O
病,O
吗,O

郭,O
医,O
生,O
遗,B-DISEASE
传,I-DISEASE
性,I-DISEASE
心,I-DISEASE
脏,I-DISEASE
病,I-DISEASE
是,O
怎,B-QUESTION
么,I-QUESTION
回,I-QUESTION
事,I-QUESTION
心,O
脏,O
病,O
会,B-QUESTION
遗,I-QUESTION
传,I-QUESTION
吗,I-QUESTION

你,O
好,O
大,O
夫,O
这,O
两,O
天,O
脖,B-PART
子,I-PART
和,O
肩,B-PART
膀,I-PART
特,O
别,O
僵,B-SIGN
硬,I-SIGN
很,O
不,B-SIGN
舒,I-SIGN
服,I-SIGN
我,O
天,O
天,O
对,O
着,O
电,O
脑,O
上,O
班,O
怎,B-QUESTION
样,I-QUESTION
能,I-QUESTION
减,I-QUESTION
缓,I-QUESTION
症,I-QUESTION
状,I-QUESTION
呢,I-QUESTION
谢,O
了,O

医,O
生,O
有,O
胃,B-DISEASE
病,I-DISEASE
的,O
人,O
可,B-QUESTION
以,I-QUESTION
喝,I-QUESTION
咖,I-QUESTION
啡,I-QUESTION
吗,I-QUESTION

医,O
生,O
痔,B-TREATMENT
疮,I-TREATMENT
手,I-TREATMENT
术,I-TREATMENT
安,B-QUESTION
全,I-QUESTION
吗,I-QUESTION

大,O
夫,O
你,O
好,O
仙,B-TREATMENT
灵,I-TREATMENT
骨,I-TREATMENT
葆,I-TREATMENT
胶,I-TREATMENT
囊,I-TREATMENT
哺,B-QUESTION
乳,I-QUESTION
期,I-QUESTION
可,I-QUESTION
以,I-QUESTION
吃,I-QUESTION
吗,I-QUESTION

医,O
生,O
耳,B-PART
朵,I-PART
后,O
面,O
轮,O
廓,O
上,O
长,O
了,O
个,O
小,B-SIGN
疙,I-SIGN
瘩,I-SIGN
一,O
摸,O
疼,O
还,O
会,O
动,O
是,B-QUESTION
什,I-QUESTION
么,I-QUESTION

孩,B-PATIENT
子,I-PATIENT
五,I-PATIENT
岁,I-PATIENT
了,I-PATIENT
平,B-QUESTION
时,I-QUESTION
饮,I-QUESTION
食,I-QUESTION
需,I-QUESTION
要,I-QUESTION
有,I-QUESTION
什,I-QUESTION
么,I-QUESTION
变,I-QUESTION
化,I-QUESTION
吗,I-QUESTION

大,O
夫,O
你,O
好,O
我,O
想,O
问,O
下,O
开,B-SIGN
眼,I-SIGN
角,I-SIGN
对,B-QUESTION
眼,I-QUESTION
睛,I-QUESTION
有,I-QUESTION
什,I-QUESTION
么,I-QUESTION
危,I-QUESTION
害,I-QUESTION
吗,I-QUESTION

李,O
医,O
生,O
您,O
好,O
我,O
父,O
亲,O
之,O
前,O
患,O
过,O
肺,B-DISEASE
囊,I-DISEASE
肿,I-DISEASE
做,O
过,O
手,O
术,O
现,O
在,O
常,O
常,O
会,O
咳,B-SIGN
嗽,I-SIGN
我,O
想,O
咨,O
询,O
下,O
会,B-QUESTION
不,I-QUESTION
会,I-QUESTION
有,I-QUESTION
什,I-QUESTION
么,I-QUESTION
后,I-QUESTION
遗,I-QUESTION
症,I-QUESTION

腿,B-PART
上,O
的,O
会,O
痒,B-SIGN
怎,B-QUESTION
么,I-QUESTION
回,I-QUESTION
事,I-QUESTION

姜,O
医,O
生,O
我,O
的,O
宝,B-PATIENT
宝,I-PATIENT
5,I-PATIENT
个,I-PATIENT
月,I-PATIENT
了,O
今,O
天,O
拉,B-SIGN
稀,I-SIGN
了,O
需,B-QUESTION
要,I-QUESTION
喝,I-QUESTION
药,I-QUESTION
吗,I-QUESTION

睡,O
觉,O
打,B-SIGN
呼,I-SIGN
噜,I-SIGN
很,O
厉,O
害,O
平,O
时,O
还,O
有,O
鼻,B-DISEASE
炎,I-DISEASE
怎,B-QUESTION
么,I-QUESTION
办,I-QUESTION

老,B-PATIENT
年,I-PATIENT
人,I-PATIENT
精,O
神,O
状,O
态,O
总,O
不,O
好,O
要,O
怎,B-QUESTION
么,I-QUESTION
保,I-QUESTION
养,I-QUESTION

医,O
生,O
女,B-PATIENT
2,I-PATIENT
5,I-PATIENT
今,O
天,O
发,O
现,O
舌,B-PART
头,I-PART
发,B-SIGN
白,I-SIGN
是,O
怎,B-QUESTION
么,I-QUESTION
了,I-QUESTION

长,B-SIGN
智,I-SIGN
齿,I-SIGN
长,O
得,O
时,O
候,O
很,O
疼,O
现,O
在,O
不,O
疼,O
了,O
还,O
需,B-QUESTION
要,I-QUESTION
拔,I-QUESTION
掉,I-QUESTION
么,I-QUESTION

大,O
夫,O
你,O
好,O
类,B-DISEASE
风,I-DISEASE
湿,I-DISEASE
总,O
是,O
犯,O
怎,B-QUESTION
么,I-QUESTION
治,I-QUESTION
疗,I-QUESTION
呢,I-QUESTION

您,O
好,O
我,O
左,B-PART
腋,I-PART
下,I-PART
长,O
期,O
有,O
一,O
点,O
庝,B-SIGN
要,B-QUESTION
做,I-QUESTION
什,I-QUESTION
么,I-QUESTION
检,I-QUESTION
查,I-QUESTION
夹,O
窝,O
下,O
三,O
四,O
寸,O
的,O
地,O
方,O

患,O
有,O
角,B-DISEASE
膜,I-DISEASE
变,I-DISEASE
性,I-DISEASE
可,B-QUESTION
以,I-QUESTION
带,I-QUESTION
隐,I-QUESTION
形,I-QUESTION
眼,I-QUESTION
镜,I-QUESTION
吗,I-QUESTION

大,O
夫,O
慢,B-DISEASE
性,I-DISEASE
胆,I-DISEASE
囊,I-DISEASE
炎,I-DISEASE
5,O
年,O
了,O
饮,B-QUESTION
食,I-QUESTION
要,I-QUESTION
注,I-QUESTION
意,I-QUESTION
什,I-QUESTION
么,I-QUESTION

医,O
生,O
你,O
好,O
我,O
父,O
亲,O
5,B-PATIENT
6,I-PATIENT
岁,I-PATIENT
因,O
三,B-DISEASE
高,I-DISEASE
常,O
年,O
吃,O
药,O
最,O
近,O
一,O
年,O
多,O
在,O
脸,O
上,O
头,B-PART
顶,I-PART
多,O
处,O
出,O
现,O
瘙,B-SIGN
痒,I-SIGN
像,O
起,O
疹,B-SIGN
子,I-SIGN
一,O
样,O
如,O
图,O
是,B-QUESTION
什,I-QUESTION
么,I-QUESTION
原,I-QUESTION
因,I-QUESTION

大,O
夫,O
你,O
好,O
心,B-PART
脏,I-PART
放,B-TREATMENT
了,I-TREATMENT
支,I-TREATMENT
架,I-TREATMENT
之,O
后,O
应,B-QUESTION
该,I-QUESTION
注,I-QUESTION
意,I-QUESTION
什,I-QUESTION
么,I-QUESTION
呢,I-QUESTION
谢,O
谢,O

李,O
医,O
生,O
您,O
好,O
4,B-PATIENT
8,I-PATIENT
岁,I-PATIENT
男,I-PATIENT
高,B-DISEASE
血,I-DISEASE
压,I-DISEASE
应,B-QUESTION
该,I-QUESTION
怎,I-QUESTION
样,I-QUESTION
合,I-QUESTION
理,I-QUESTION
饮,I-QUESTION
食,I-QUESTION
啊,I-QUESTION

张,O
医,O
生,O
我,O
以,O
前,O
有,O
次,O
生,O
气,O
大,B-PART
腿,I-PART
根,O
处,O
里,O
面,O
纠,O
的,O
疼,B-SIGN
从,O
那,O
以,O
后,O
情,O
绪,O
不,O
好,O
或,O
者,O
激,O
动,O
都,O
会,O
疼,O
不,B-QUESTION
知,I-QUESTION
道,I-QUESTION
哪,I-QUESTION
里,I-QUESTION
是,I-QUESTION
什,I-QUESTION
么,I-QUESTION
出,I-QUESTION
问,I-QUESTION
题,I-QUESTION
了,I-QUESTION

我,O
家,O
老,O
婆,O
问,O
吃,B-QUESTION
什,I-QUESTION
么,I-QUESTION
中,I-QUESTION
药,I-QUESTION
可,I-QUESTION
以,I-QUESTION
保,I-QUESTION
养,I-QUESTION
卵,I-QUESTION
巢,I-QUESTION
呜,O

张,O
医,O
生,O
你,O
好,O
我,O
是,O
女,B-PATIENT
2,I-PATIENT
6,I-PATIENT
岁,I-PATIENT
已,O
婚,O
怀,B-SIGN
孕,I-SIGN
一,O
个,O
月,O
需,B-QUESTION
要,I-QUESTION
注,I-QUESTION
意,I-QUESTION
什,I-QUESTION
么,I-QUESTION
有,B-QUESTION
什,I-QUESTION
么,I-QUESTION
忌,I-QUESTION
口,I-QUESTION
吗,I-QUESTION

大,O
夫,O
你,O
好,O
好,O
多,O
年,O
了,O
中,B-DISEASE
耳,I-DISEASE
炎,I-DISEASE
经,O
常,O
性,O
的,O
好,O
犯,O
每,O
年,O
都,O
得,O
犯,O
几,O
次,O
请,O
问,O
是,B-QUESTION
否,I-QUESTION
与,I-QUESTION
肾,I-QUESTION
脏,I-QUESTION
有,I-QUESTION
关,I-QUESTION

男,B-PATIENT
孩,I-PATIENT
不,O
爱,O
吃,O
饭,O
身,O
体,O
偏,O
瘦,B-SIGN
怎,B-QUESTION
么,I-QUESTION
回,I-QUESTION
事,I-QUESTION

女,B-PATIENT
4,I-PATIENT
0,I-PATIENT
岁,I-PATIENT
混,B-DISEASE
合,I-DISEASE
痔,I-DISEASE
术,O
后,O
又,O
复,B-SIGN
发,I-SIGN
了,O
怎,B-QUESTION
么,I-QUESTION
办,I-QUESTION
还,O
要,B-QUESTION
二,I-QUESTION
次,I-QUESTION
手,I-QUESTION
术,I-QUESTION
吗,I-QUESTION

医,O
生,O
您,O
好,O
我,O
经,O
常,O
头,B-PART
痛,B-SIGN
下,O
雨,O
的,O
时,O
候,O
特,O
别,O
痛,O
这,O
是,O
怎,B-QUESTION
么,I-QUESTION
了,I-QUESTION

我,O
是,O
腰,B-DISEASE
椎,I-DISEASE
间,I-DISEASE
盘,I-DISEASE
突,I-DISEASE
出,I-DISEASE
患,O
者,O
已,O
有,O
1,O
0,O
个,O
月,O
了,O
现,O
在,O
每,O
天,O
都,O
有,O
点,O
痛,O
随,O
着,O
气,O
候,O
变,O
化,O
腰,B-PART
部,O
酸,B-SIGN
疼,I-SIGN
的,O
有,O
点,O
重,O
基,O
于,O
我,O
现,O
在,O
这,O
个,O
时,O
候,O
能,O
穿,O
双,O
负,O
跟,O
鞋,O
吗,O
会,O
不,O
会,O
疼,O
痛,O
加,O
剧,O
请,O
问,O
医,O
生,O
男,B-PATIENT
2,I-PATIENT
6,I-PATIENT
岁,I-PATIENT

鼻,B-SIGN
塞,I-SIGN
鼻,B-SIGN
痒,I-SIGN
引,O
起,O
了,O
头,B-SIGN
晕,I-SIGN
头,B-SIGN
痛,I-SIGN
影,O
响,O
了,O
正,O
常,O
的,O
生,O
活,O
这,O
该,B-QUESTION
怎,I-QUESTION
么,I-QUESTION
办,I-QUESTION

医,O
生,O
女,B-PATIENT
4,I-PATIENT
6,I-PATIENT
岁,I-PATIENT
之,O
前,O
输,O
液,O
过,O
敏,O
后,O
落,O
下,O
臀,B-PART
部,O
怕,B-SIGN
着,I-SIGN
凉,I-SIGN
的,O
毛,O
病,O
得,O
坐,O
暖,O
宝,O
宝,O
喝,O
了,O
1,O
0,O
0,O
多,O
副,O
中,O
药,O
后,O
现,O
在,O
坐,O
板,O
凳,O
只,O
能,O
坐,O
有,O
垫,O
子,O
的,O
没,O
垫,O
子,O
的,O
板,O
凳,O
凉,O
的,O
不,O
能,O
坐,O
是,O
什,B-QUESTION
么,I-QUESTION
原,I-QUESTION
因,I-QUESTION
引,I-QUESTION
起,I-QUESTION
的,I-QUESTION
怎,B-QUESTION
么,I-QUESTION
治,I-QUESTION

宝,O
宝,O
挑,O
食,O
营,B-DISEASE
养,I-DISEASE
不,I-DISEASE
良,I-DISEASE
怎,O
么,O
办,O

医,O
生,O
我,O
吃,O
坏,O
肚,O
子,O
了,O
上,B-SIGN
吐,I-SIGN
下,I-SIGN
泻,I-SIGN
吐,O
的,O
我,O
看,O
东,O
西,O
都,O
晕,O
晕,O
乎,O
乎,O
的,O
想,O
问,O
一,O
下,O
该,B-QUESTION
怎,I-QUESTION
么,I-QUESTION
办,I-QUESTION

医,O
生,O
您,O
好,O
我,O
朋,O
友,O
男,B-QUESTION
2,I-QUESTION
8,I-QUESTION
岁,I-QUESTION
患,O
慢,B-DISEASE
性,I-DISEASE
荨,I-DISEASE
麻,I-DISEASE
疹,I-DISEASE
几,O
年,O
有,O
诊,O
断,O
为,O
慢,O
性,O
荨,O
麻,O
疹,O
有,O
诊,O
断,O
为,O
人,O
工,O
荨,O
麻,O
疹,O
中,O
药,O
西,O
药,O
吃,O
了,O
不,O
少,O
吃,O
了,O
西,O
药,O
能,O
缓,O
解,O
痒,O
但,O
是,O
皮,O
肤,O
还,O
是,O
那,O
样,O
请,O
问,O
医,O
学,O
上,O
这,O
种,O
病,O
有,B-QUESTION
没,I-QUESTION
有,I-QUESTION
治,I-QUESTION
疗,I-QUESTION
的,I-QUESTION
好,I-QUESTION
方,I-QUESTION
法,I-QUESTION

医,O
生,O
你,O
好,O
我,O
脚,B-DISEASE
气,I-DISEASE
一,O
直,O
很,O
严,O
重,O
晚,O
上,O
睡,O
觉,O
前,O
会,O
很,O
痒,B-SIGN
也,O
会,O
起,B-SIGN
水,I-SIGN
泡,I-SIGN
掉,B-SIGN
皮,I-SIGN
把,O
水,O
泡,O
弄,O
破,O
后,O
会,O
有,O
个,O
坑,O
应,O
该,O
怎,B-QUESTION
么,I-QUESTION
办,I-QUESTION
啊,I-QUESTION

心,B-PART
脏,I-PART
有,B-SIGN
噪,I-SIGN
音,I-SIGN
是,B-QUESTION
什,I-QUESTION
么,I-QUESTION
意,I-QUESTION
思,I-QUESTION
有,B-QUESTION
危,I-QUESTION
险,I-QUESTION
吗,I-QUESTION
这,O
个,O
要,O
不,O
要,O
手,O
术,O
影,O
响,O
生,O
活,O
不,O

您,O
好,O
请,O
问,O
一,O
下,O
龟,B-DISEASE
头,I-DISEASE
炎,I-DISEASE
会,B-QUESTION
病,I-QUESTION
变,I-QUESTION
成,I-QUESTION
尖,I-QUESTION
锐,I-QUESTION
湿,I-QUESTION
疣,I-QUESTION
吗,I-QUESTION

大,O
夫,O
好,O
2,B-PATIENT
6,I-PATIENT
岁,I-PATIENT
女,I-PATIENT
总,O
感,O
觉,O
嗓,B-PART
子,I-PART
不,B-SIGN
舒,I-SIGN
服,I-SIGN
总,O
想,O
咳,B-SIGN
两,O
下,O
是,O
慢,B-DISEASE
性,I-DISEASE
扁,I-DISEASE
桃,I-DISEASE
体,I-DISEASE
炎,I-DISEASE

你,O
好,O
医,O
生,O
最,O
近,O
浑,B-PART
身,I-PART
酸,B-SIGN
胀,I-SIGN
视,B-SIGN
线,I-SIGN
模,I-SIGN
糊,I-SIGN
上,O
班,O
时,O
会,O
头,B-SIGN
晕,I-SIGN
眼,I-SIGN
花,I-SIGN

男,O
2,O
0,O
医,O
生,O
诊,O
断,O
我,O
是,O
双,B-DISEASE
相,I-DISEASE
情,I-DISEASE
感,I-DISEASE
障,I-DISEASE
碍,I-DISEASE
我,O
觉,O
得,O
的,O
不,O
是,O
想,O
停,O
药,O
吃,O
了,O
两,O
个,O
月,O
停,O
了,O
会,O
有,O
后,O
遗,O
症,O
吗,O

左,B-PART
肩,I-PART
肩,B-DISEASE
周,I-DISEASE
炎,I-DISEASE
发,O
病,O
近,O
半,O
年,O
疼,B-SIGN
痛,I-SIGN
难,O
忍,O
晚,O
上,O
都,O
痛,O
的,O
睡,O
不,O
好,O
觉,O
以,O
前,O
右,O
肩,O
也,O
发,O
火,O
后,O
来,O
自,O
己,O
好,O
了,O
这,O
次,O
一,O
直,O
好,O
不,O
了,O
和,O
8,O
个,O
月,O
前,O
左,O
膀,O
子,O
受,O
过,O
外,O
伤,O
有,O
关,O
吗,O
我,O
该,B-QUESTION
怎,I-QUESTION
么,I-QUESTION
治,I-QUESTION
疗,I-QUESTION

女,B-PATIENT
2,I-PATIENT
0,I-PATIENT
岁,I-PATIENT
最,O
近,O
浑,O
身,O
长,B-SIGN
疙,I-SIGN
瘩,I-SIGN
而,O
且,O
特,O
别,O
痒,O
有,O
什,O
么,O
解,O
决,O
办,O
法,O
吗,O

陈,O
医,O
生,O
咳,B-SIGN
嗽,I-SIGN
2,O
周,O
了,O
现,O
在,O
时,O
不,O
时,O
的,O
还,O
会,O
咳,O
嗽,O
需,B-QUESTION
要,I-QUESTION
喝,I-QUESTION
要,I-QUESTION
吗,I-QUESTION

医,O
生,O
儿,O
童,O
过,B-DISEASE
敏,I-DISEASE
性,I-DISEASE
紫,I-DISEASE
癜,I-DISEASE
严,B-QUESTION
重,I-QUESTION
吗,I-QUESTION
如,B-QUESTION
何,I-QUESTION
治,I-QUESTION
疗,I-QUESTION
好,O

气,B-TREATMENT
胸,I-TREATMENT
开,O
胸,O
后,O
第,O
一,O
天,O
第,O
二,O
天,O
第,O
三,O
天,O
分,O
别,O
注,B-QUESTION
意,I-QUESTION
什,I-QUESTION
么,I-QUESTION
还,O
有,O
饮,B-QUESTION
食,I-QUESTION
方,I-QUESTION
面,I-QUESTION
注,I-QUESTION
意,I-QUESTION
什,I-QUESTION
么,I-QUESTION

您,O
好,O
大,O
夫,O
我,O
有,O
要,O
椎,B-DISEASE
间,I-DISEASE
盘,I-DISEASE
突,I-DISEASE
出,I-DISEASE
最,O
近,O
应,O
该,O
是,O
压,O
迫,O
腿,O
部,O
神,O
经,O
导,O
致,O
腿,O
部,O
有,O
麻,B-SIGN
木,I-SIGN
的,O
感,O
觉,O
您,O
看,O
需,O
要,O
怎,B-QUESTION
么,I-QUESTION
进,I-QUESTION
行,I-QUESTION
治,I-QUESTION
疗,I-QUESTION
来,O
缓,O
解,O
症,O
状,O
谢,O
谢,O

喉,B-PART
咙,I-PART
干,B-SIGN
老,O
是,O
有,B-SIGN
痰,I-SIGN
如,B-SIGN
鲠,I-SIGN
在,I-SIGN
喉,I-SIGN

怀,B-SIGN
孕,I-SIGN
6,O
个,O
月,O
了,O
有,B-QUESTION
什,I-QUESTION
么,I-QUESTION
要,I-QUESTION
注,I-QUESTION
意,I-QUESTION
的,I-QUESTION
么,I-QUESTION

医,O
生,O
您,O
好,O
我,O
想,O
问,O
下,O
我,O
的,O
眼,B-PART
睛,I-PART
迎,B-SIGN
风,I-SIGN
流,I-SIGN
泪,I-SIGN
是,O
怎,B-QUESTION
么,I-QUESTION
回,I-QUESTION
事,I-QUESTION

这,O
几,O
天,O
天,O
凉,O
了,O
有,O
点,O
感,B-DISEASE
冒,I-DISEASE
吃,O
了,O
感,O
冒,O
冲,O
剂,O
也,O
不,O
见,O
好,O
还,O
需,O
要,B-QUESTION
吃,I-QUESTION
点,I-QUESTION
什,I-QUESTION
么,I-QUESTION
药,I-QUESTION

赵,O
医,O
生,O
背,O
部,O
不,B-SIGN
适,I-SIGN
颈,O
部,O
不,B-SIGN
适,I-SIGN
怎,B-QUESTION
么,I-QUESTION
缓,I-QUESTION
解,I-QUESTION
